conor,2022-04-17,10:15,1
bellatri,2022-04-17,12:30,1
gerasim,2022-04-17,13:03,1
mumu,2022-04-17,13:13,1
bellatri,2022-04-17,14:01,2
bellatri,2022-04-17,14:20,1
mumu,2022-04-17,14:43,2
gerasim,2022-04-17,14:43,2
mumu,2022-04-17,14:55,1
gerasim,2022-04-17,14:56,1
bellatri,2022-04-17,19:10,2
mumu,2022-04-17,20:40,2
gerasim,2022-04-17,21:00,2
conor,2022-04-17,22:20,2
conor,2022-04-21,11:48,1
papuas,2022-04-21,14:20,1
papuas,2022-04-21,16:00,2
conor,2022-04-21,16:20,2
papuas,2022-04-21,16:22,1
conor,2022-04-21,17:10,1
papuas,2022-04-21,19:00,2
conor,2022-04-21,19:13,2
papuas,2022-04-21,19:17,1
papuas,2022-04-21,21:05,2
papuas,2022-04-21,21:25,1
papuas,2022-04-21,23:15,2
mullsher,2022-07-17,11:30,1
mullsher,2022-07-17,14:01,2
mullsher,2022-07-17,14:20,1
mullsher,2022-07-17,19:10,2
mullsher,2022-07-21,21:25,1
mullsher,2022-07-21,23:15,2